gpsidx,accidx,date,time,speed,kspeed,accSpeed,d_sec,accdist,sentime,azimuth,pitch,roll,light,gps_lat,gps_lon,alti,accuracy,acc_x,acc_y,acc_z,kacc_x,kacc_y,kacc_z,mag_x,mag_y,mag_z,gyro_x,gyro_y,gyro_z,user_name
0,1,2017-03-03,06:15:10,0.000000,0.000000,0.609701,0,0.000000,06:15:10,46.242836,10.168331,86.10896,8.0,33.938781,-118.140789,1.0,4,9.463608,0.64367676,-1.701294,9.463608,0.64367676,-1.701294,-32.033157,35.12535,-50.28572,-0.005935669,-0.011550903,-0.00970459,wonhee
0,2,2017-03-03,06:15:10,0.000000,0.000000,1.016015,0,0.000000,06:15:10,46.89157,8.132642,85.58932,8.0,33.938781,-118.140789,1.0,4,8.748154,0.67477417,-1.2538452,8.747279280819109,0.6747067000046995,-1.25371982927078,-31.872559,34.76677,-49.640656,-0.004470825,-0.013870239,0.00093078613,wonhee
0,3,2017-03-03,06:15:10,0.000000,0.000000,1.715992,0,0.000000,06:15:10,43.91188,10.258065,91.423615,5.0,33.938781,-118.140789,1.0,4,10.494919,-0.26081848,-1.8999023,9.662669983367227,0.18469091335427168,-1.592181709807769,-32.208633,34.757996,-49.45755,-0.0072784424,-0.0028686523,0.008132935,wonhee
1,4,2017-03-03,06:15:10,16.367195,8.572921,17.067172,0,7.316793,06:15:10,43.91188,10.258065,91.423615,5.0,33.938834,-118.14075,22.969288,4,10.494919,-0.26081848,-1.8999023,9.9823831232033,0.013545974604998429,-1.71039430497624,-32.208633,34.757996,-49.45755,-0.0072784424,-0.0028686523,0.008132935,wonhee
2,5,2017-03-03,06:15:11,18.360689,12.332947,17.637720,1,15.524758,06:15:11,43.42684,8.902536,93.539,5.0,33.938894,-118.140707,23.1701,4,10.291534,-0.63648987,-1.6151581,10.083233150738923,-0.19850625538322864,-1.6793267110759384,-32.371902,34.93347,-49.089813,-0.007522583,-0.0015258789,-0.010314941,wonhee
2,6,2017-03-03,06:15:11,18.360689,12.332947,18.542171,1,15.524758,06:15:11,43.799755,13.286287,91.584656,8.0,33.938894,-118.140707,23.1701,4,9.94696,-0.275177,-2.3497467,10.04250873218035,-0.22141885025639527,-1.8796777273321406,-32.11403,35.21042,-49.090195,-0.013137817,-0.011795044,0.0042266846,wonhee
2,7,2017-03-03,06:15:11,18.360689,12.332947,19.335685,1,15.524758,06:15:11,44.611904,12.394577,90.67249,8.0,33.938894,-118.140707,23.1701,4,9.580856,-0.112457275,-2.1056824,9.910880448638515,-0.19035128772887475,-1.9441170884839831,-32.02362,35.48355,-49.090576,-0.02279663,-0.0012817383,-0.0010223389,wonhee
2,8,2017-03-03,06:15:11,18.360689,12.332947,20.282556,1,15.524758,06:15:11,46.63442,14.584587,85.90819,6.0,33.938894,-118.140707,23.1701,4,9.365509,0.6699829,-2.4430695,9.759243741559605,0.04885860039470752,-2.082847307787265,-31.68335,35.67238,-49.090195,-0.021942139,0.008010864,-0.0004119873,wonhee
2,9,2017-03-03,06:15:11,18.360689,12.332947,21.191363,1,15.524758,06:15:11,43.523087,12.286763,93.241615,8.0,33.938894,-118.140707,23.1701,4,10.815552,-0.6125641,-2.3593292,10.049024200985222,-0.13259162728589546,-2.158695479102865,-31.766129,35.761642,-49.274826,-0.020828247,0.00592041,0.007888794,wonhee
3,10,2017-03-03,06:15:12,23.385990,15.938629,21.888074,1,25.979234,06:15:12,45.63026,11.305941,88.464806,8.0,33.938968,-118.140649,23.19388,4,9.463608,0.2536316,-1.8927155,9.88957179610978,-0.027394295360595913,-2.086249333531055,-31.690216,35.40306,-49.45793,-0.015090942,0.00018310547,0.017532349,wonhee
3,11,2017-03-03,06:15:12,23.385990,15.938629,21.988755,1,25.979234,06:15:12,46.760868,3.5061343,90.17338,8.0,33.938968,-118.140649,23.19388,4,9.489929,-0.028717041,-0.5814514,9.781134364196578,-0.02775320371977966,-1.677943653937175,-31.60019,35.67581,-49.458694,-0.012161255,-0.0010375977,0.003982544,wonhee
3,12,2017-03-03,06:15:12,23.385990,15.938629,21.716373,1,25.979234,06:15:12,48.996876,-1.4253271,87.746994,8.0,33.938968,-118.140649,23.19388,4,9.609573,0.37806702,0.23928833,9.734678283123689,0.08213644015448243,-1.1587878119536095,-31.602097,35.585785,-49.642563,-0.010574341,0.021194458,0.0027618408,wonhee
3,13,2017-03-03,06:15:12,23.385990,15.938629,21.799652,1,25.979234,06:15:12,47.30261,3.2627368,88.76247,8.0,33.938968,-118.140649,23.19388,4,9.525833,0.20578003,-0.5431671,9.678187620027362,0.11558085543412666,-0.9922682635398898,-31.011581,35.690308,-49.733734,0.0016479492,0.026809692,-0.0067596436,wonhee
3,14,2017-03-03,06:15:12,23.385990,15.938629,21.500081,1,25.979234,06:15:12,49.61844,-1.7115613,87.136185,8.0,33.938968,-118.140649,23.19388,4,9.997208,0.5001068,0.29910278,9.764429748596207,0.21953138032583042,-0.643166467671543,-31.089401,35.958862,-49.550247,0.0035858154,0.011917114,0.01876831,wonhee
4,15,2017-03-03,06:15:13,22.933229,18.028923,21.652968,1,36.231308,06:15:13,45.163944,3.453877,93.18645,8.0,33.939042,-118.140594,23.40262,4,11.519043,-0.6412811,-0.6963043,10.238615777344945,-0.013104074362822155,-0.6575270212966726,-30.929947,35.60295,-49.91646,0.0045776367,0.0048217773,0.0069122314,wonhee
4,16,2017-03-03,06:15:13,22.933229,18.028923,21.505666,1,36.231308,06:15:13,48.34505,0.20653987,88.374855,6.0,33.939042,-118.140594,23.40262,4,9.951752,0.28234863,-0.035888672,10.161103259164298,0.06672922955029795,-0.48955616663660484,-30.679321,35.5175,-49.36371,0.005554199,-0.0005493164,-0.018371582,wonhee
4,17,2017-03-03,06:15:13,22.933229,18.028923,21.571543,1,36.231308,06:15:13,46.77696,2.7119126,90.88751,6.0,33.939042,-118.140594,23.40262,4,10.657639,-0.1651001,-0.5048828,10.295258830391145,0.0040928600502658785,-0.4936971641212775,-31.016922,35.41832,-48.90442,0.005065918,-0.011184692,-0.00077819824,wonhee
4,18,2017-03-03,06:15:13,22.933229,18.028923,21.425330,1,36.231308,06:15:13,49.50023,0.25401074,86.20283,8.0,33.939042,-118.140594,23.40262,4,8.616562,0.57188416,-0.0382843,9.841724401143987,0.15749334219343084,-0.3706580246758716,-30.764389,35.42366,-48.627853,0.005432129,-0.0048217773,0.0065460205,wonhee
4,19,2017-03-03,06:15:13,22.933229,18.028923,21.599975,1,36.231308,06:15:13,49.210873,4.4117484,85.57511,6.0,33.939042,-118.140594,23.40262,4,9.61676,0.74417114,-0.74417114,9.780947153765371,0.315992471244562,-0.47156776370023484,-30.669403,35.876083,-48.26126,0.0056762695,-0.003967285,0.0084991455,wonhee
5,20,2017-03-03,06:15:14,24.873110,19.980366,22.482676,1,47.350587,06:15:14,46.256065,12.39837,88.25831,6.0,33.939122,-118.140534,23.582294,4,10.466202,0.31825256,-2.3018951,9.966075793028436,0.31660305744939815,-0.9660495043797394,-30.675888,35.60524,-48.444748,6.1035156e-05,0.016433716,0.014862061,wonhee
5,21,2017-03-03,06:15:14,24.873110,19.980366,23.308822,1,47.350587,06:15:14,47.093437,13.455645,85.18885,8.0,33.939122,-118.140534,23.582294,4,9.068802,0.76330566,-2.177475,9.723669761027697,0.4372835077311581,-1.2933262506075531,-30.770493,35.15091,-48.443604,-0.0042266846,-0.007888794,-0.0010223389,wonhee
5,22,2017-03-03,06:15:14,24.873110,19.980366,23.943540,1,47.350587,06:15:14,47.275177,10.841078,84.79069,6.0,33.939122,-118.140534,23.582294,4,9.133408,0.83270264,-1.7563324,9.564206198782909,0.5441088987264144,-1.4184107720829284,-31.027603,34.965134,-48.903656,-0.0060577393,0.011184692,-0.002609253,wonhee
5,23,2017-03-03,06:15:14,24.873110,19.980366,23.825605,1,47.350587,06:15:14,45.68187,0.59668386,93.04195,8.0,33.939122,-118.140534,23.582294,4,9.635895,-0.5120697,-0.100494385,9.583573417801942,0.2587750404741764,-1.0623666636019626,-31.28624,34.68857,-49.17946,-0.003250122,-0.010192871,-0.007980347,wonhee
5,24,2017-03-03,06:15:14,24.873110,19.980366,23.692445,1,47.350587,06:15:14,48.7859,0.4313782,86.006615,6.0,33.939122,-118.140534,23.582294,4,8.877365,0.6197357,-0.06700134,9.392786595717629,0.35629092302728277,-0.793462212570341,-31.697083,35.131836,-49.64142,-0.00032043457,0.00091552734,0.0012969971,wonhee
6,25,2017-03-03,06:15:15,26.069328,21.673359,23.780080,1,59.004623,06:15:15,48.87656,3.7835777,83.70504,6.0,33.939205,-118.14047,23.656279,4,8.307877,0.91645813,-0.55274963,9.099691339970843,0.5076236713380128,-0.7284321711471603,-31.60286,35.58731,-50.102234,0.0028686523,0.009841919,-0.0059051514,wonhee
6,26,2017-03-03,06:15:15,26.069328,21.673359,24.266878,1,59.004623,06:15:15,44.666462,7.405432,92.65347,6.0,33.939205,-118.14047,23.656279,4,10.997406,-0.5096741,-1.4309082,9.612370919972086,0.2327942646147907,-0.9182104992693041,-31.340408,36.044693,-50.102997,0.002746582,-0.0014038086,0.0093688965,wonhee
6,27,2017-03-03,06:15:15,26.069328,21.673359,24.749327,1,59.004623,06:15:15,46.03124,8.260824,89.28573,6.0,33.939205,-118.14047,23.656279,4,9.789032,0.122039795,-1.421341,9.66009701687656,0.20287325117706143,-1.0541343543123893,-31.422424,36.133957,-50.19493,0.0036010742,-0.012161255,-0.0035858154,wonhee
6,28,2017-03-03,06:15:15,26.069328,21.673359,25.556982,1,59.004623,06:15:15,45.150272,12.145814,89.323364,6.0,33.939205,-118.14047,23.656279,4,9.927826,0.117248535,-2.136795,9.732425671820076,0.17974119995587598,-1.3466218816219018,-31.262207,35.77614,-50.009537,0.0049438477,-0.005065918,-0.010314941,wonhee
6,29,2017-03-03,06:15:15,26.069328,21.673359,25.800146,1,59.004623,06:15:15,46.012615,4.971897,90.413124,6.0,33.939205,-118.14047,23.656279,4,10.286743,-0.07417297,-0.8949127,9.882177949156302,0.11114470609615712,-1.2245898339071564,-31.182861,35.596848,-49.91684,0.008361816,0.01802063,0.0005645752,wonhee
7,30,2017-03-03,06:15:16,28.857122,23.644104,26.120533,1,71.904914,06:15:16,44.76547,5.620137,92.11639,6.0,33.939299,-118.140402,23.47396,4,10.813171,-0.39959717,-1.0648041,10.133691512011644,-0.026835388212766126,-1.1814227241290283,-31.698608,35.04219,-49.640274,0.007385254,0.007019043,0.009719849,wonhee
7,31,2017-03-03,06:15:16,28.857122,23.644104,26.311491,1,71.904914,06:15:16,48.31229,4.367175,84.3535,6.0,33.939299,-118.140402,23.47396,4,10.164719,1.0049896,-0.7800598,10.142073780754039,0.25191854602657116,-1.0729920353621645,-31.620407,34.77211,-49.36371,0.0064086914,-0.0072631836,-0.005783081,wonhee
7,32,2017-03-03,06:15:16,28.857122,23.644104,26.749343,1,71.904914,06:15:16,44.656258,7.0669236,92.00413,6.0,33.939299,-118.140402,23.47396,4,10.667206,-0.37327576,-1.3232269,10.283941512951284,0.08301841930043627,-1.140594539001779,-31.52771,35.136032,-49.456406,0.004699707,0.012527466,-0.0032196045,wonhee
7,33,2017-03-03,06:15:16,28.857122,23.644104,26.575941,1,71.904914,06:15:16,49.815014,-0.1272739,84.36116,6.0,33.939299,-118.140402,23.47396,4,9.645462,0.9523468,0.021530151,10.11145230565323,0.31787288248508117,-0.8266393337151898,-31.692886,35.22148,-49.27292,-0.0008087158,0.013015747,0.006790161,wonhee
7,34,2017-03-03,06:15:16,28.857122,23.644104,26.531969,1,71.904914,06:15:16,51.64369,1.7223326,76.35504,5.0,33.939299,-118.140402,23.47396,4,8.506485,2.0650024,-0.2632141,9.677860417214056,0.7898707756376737,-0.6744265065626626,-31.357193,35.231018,-49.640274,-0.0010528564,0.010696411,0.025741577,wonhee
8,35,2017-03-03,06:15:17,29.118592,25.135214,26.381407,1,84.922094,06:15:17,47.00082,0.17087731,91.32429,6.0,33.939395,-118.140335,23.677416,4,9.6263275,-0.22253418,-0.028717041,9.66393847949629,0.5163632876179185,-0.49998408316955983,-31.43692,35.409164,-49.45717,-0.00630188,-0.043182373,-0.0044403076,wonhee
8,36,2017-03-03,06:15:17,29.118592,25.135214,26.737687,1,84.922094,06:15:17,46.855198,6.7154245,86.49765,6.0,33.939395,-118.140335,23.677416,4,9.6957245,0.5934143,-1.1437683,9.672525670391476,0.537179097257096,-0.6739063885611745,-31.36444,34.959793,-49.824142,-0.0027618408,0.040618896,-0.007873535,wonhee
8,37,2017-03-03,06:15:17,29.118592,25.135214,26.197749,1,84.922094,06:15:17,51.126987,-5.663227,82.72218,6.0,33.939395,-118.140335,23.677416,4,8.281555,1.0576324,0.8279114,9.296746303127414,0.6777827900295518,-0.2681809837454137,-31.285095,34.78241,-50.19188,-0.009231567,-0.0012817383,-0.0040740967,wonhee
8,38,2017-03-03,06:15:17,29.118592,25.135214,26.165741,1,84.922094,06:15:17,48.67969,2.058131,83.43433,8.0,33.939395,-118.140335,23.677416,4,8.003998,0.92123413,-0.28953552,8.947502318588372,0.743552681822841,-0.2739500443672632,-31.539917,34.68628,-50.19226,0.0026245117,0.006652832,-0.018127441,wonhee
8,39,2017-03-03,06:15:17,29.118592,25.135214,25.659518,1,84.922094,06:15:17,48.248238,-5.025228,89.2642,8.0,33.939395,-118.140335,23.677416,4,8.571091,0.110076904,0.7537384,8.845812462643211,0.5724152653574281,0.0036863727737854735,-31.460571,34.508514,-50.559235,0.0064086914,0.017654419,0.0041046143,wonhee
9,40,2017-03-03,06:15:18,29.753300,26.388267,25.687331,1,98.223013,06:15:18,47.010185,3.018839,87.441055,8.0,33.939492,-118.140265,23.783108,4,7.9776764,0.35653687,-0.42114258,8.611280112558422,0.5140943758397684,-0.1110838078068186,-31.539154,34.685898,-50.00801,0.0016479492,-0.024368286,0.008255005,wonhee
9,41,2017-03-03,06:15:18,29.753300,26.388267,25.248545,1,98.223013,06:15:18,49.856754,-4.164066,85.87444,8.0,33.939492,-118.140265,23.783108,4,8.293518,0.59820557,0.6053772,8.525434703950982,0.5368175374307128,0.08247258402125816,-31.451035,34.86824,-49.916077,0.0010223389,0.0143585205,0.007522583,wonhee
9,42,2017-03-03,06:15:18,29.753300,26.388267,25.335091,1,98.223013,06:15:18,43.822556,2.4659917,96.04048,6.0,33.939492,-118.140265,23.783108,4,12.708282,-1.3447723,-0.550354,9.655456884305446,0.02849435464691119,-0.08848944869206544,-31.108093,35.14595,-49.640274,0.004333496,0.015213013,0.0070343018,wonhee
9,43,2017-03-03,06:15:18,29.753300,26.388267,25.045306,1,98.223013,06:15:18,48.908035,-1.6958935,87.761986,6.0,33.939492,-118.140265,23.783108,4,9.367905,0.36610413,0.27757263,9.577772956524337,0.11970173264783947,0.01040449579800276,-31.019592,35.328293,-49.549103,-0.0017852783,-0.033050537,-0.020324707,wonhee
9,44,2017-03-03,06:15:18,29.753300,26.388267,24.996978,1,98.223013,06:15:18,47.35366,1.4773208,89.80487,5.0,33.939492,-118.140265,23.783108,4,9.834503,0.033493042,-0.2536316,9.647130172543648,0.09641191935190943,-0.060926495640456046,-31.262207,35.774612,-49.82643,-0.0022735596,0.0014038086,-0.0017547607,wonhee
10,45,2017-03-03,06:15:19,28.556436,26.975372,24.858381,1,110.988886,06:15:19,48.606907,0.30726278,87.50113,6.0,33.939583,-118.140195,23.77254,4,10.25325,0.447464,-0.055038452,9.810877209069906,0.1912508196296629,-0.05933580407521206,-31.345749,35.772705,-49.826813,-0.008255005,0.016311646,-0.0030975342,wonhee
10,46,2017-03-03,06:15:19,28.556436,26.975372,24.310827,1,110.988886,06:15:19,48.652287,-4.5441628,91.496605,4.0,33.939583,-118.140195,23.77254,4,10.62413,-0.27757263,0.8446655,10.030582502361876,0.06459525244097017,0.1848857637610559,-31.013489,35.599518,-49.45755,-0.008987427,-0.0037231445,-0.00016784668,wonhee
10,47,2017-03-03,06:15:19,28.556436,26.975372,23.578372,1,110.988886,06:15:19,49.42859,-6.1728253,91.50497,6.0,33.939583,-118.140195,23.77254,4,11.56691,-0.30389404,1.2514496,10.445630919318289,-0.034954418920205815,0.4730246094788342,-30.929565,35.601044,-49.181366,-0.008377075,0.002380371,-0.0032196045,wonhee
10,48,2017-03-03,06:15:19,28.556436,26.975372,23.745401,1,110.988886,06:15:19,45.171734,3.9565532,93.29983,5.0,33.939583,-118.140195,23.77254,4,10.49971,-0.6053772,-0.727417,10.460240718896765,-0.18905767662206102,0.14871785168882784,-30.853271,35.241318,-48.99597,-0.0077667236,0.016067505,0.0061798096,wonhee
10,49,2017-03-03,06:15:19,28.556436,26.975372,24.096243,1,110.988886,06:15:19,46.85218,6.4804654,88.18342,6.0,33.939583,-118.140195,23.77254,4,9.958923,0.31585693,-1.1318054,10.324806623015458,-0.05265185917836057,-0.1972234592010444,-31.104279,35.326004,-49.08867,-0.0050811768,0.0045776367,0.012908936,wonhee
11,50,2017-03-03,06:15:20,29.802187,27.739999,23.525849,1,124.311660,06:15:20,47.29745,-4.586361,93.80017,6.0,33.939683,-118.140129,23.872944,4,11.131409,-0.7393799,0.8949127,10.542715265668285,-0.23817570527278667,0.09782390841678235,-31.272888,35.323715,-49.73259,-0.0084991455,-0.006286621,-0.006515503,wonhee
11,51,2017-03-03,06:15:20,29.802187,27.739999,23.404654,1,124.311660,06:15:20,47.27737,0.49294037,89.63343,6.0,33.939683,-118.140129,23.872944,4,10.846664,0.06939697,-0.093322754,10.624828904338525,-0.1550830364458597,0.046184450186354205,-31.19278,35.145187,-49.731827,-0.0074005127,-0.011428833,-0.008483887,wonhee
11,52,2017-03-03,06:15:20,29.802187,27.739999,23.626067,1,124.311660,06:15:20,46.349182,5.2501745,89.13738,5.0,33.939683,-118.140129,23.872944,4,9.217148,0.13877869,-0.84706116,10.244535163698371,-0.07569446561518327,-0.19513140013257144,-31.192398,35.144806,-49.547577,-0.010818481,-0.015823364,-0.015319824,wonhee
11,53,2017-03-03,06:15:20,29.802187,27.739999,23.737623,1,124.311660,06:15:20,46.82767,3.3220644,89.07978,6.0,33.939683,-118.140129,23.872944,4,10.4279175,0.16749573,-0.6053772,10.294077040997792,-0.009995123603460707,-0.30596185136100945,-31.025696,35.05783,-49.45488,-0.007522583,0.017654419,-0.0032196045,wonhee
11,54,2017-03-03,06:15:20,29.802187,27.739999,23.737623,1,124.311660,06:15:20,47.20917,1.6689761,89.64931,8.0,33.939683,-118.140129,23.872944,4,9.772293,0.059814453,-0.28474426,10.15311384106675,0.008864367164093622,-0.3002297872538786,-31.691742,35.312653,-49.456787,-0.009841919,-0.024490356,0.0026397705,wonhee
12,55,2017-03-03,06:15:22,29.523597,28.222167,29.510080,2,137.509893,06:15:21,47.98484,1.874589,87.36291,6.0,33.939775,-118.140054,24.04205,4,10.0785675,0.46420288,-0.33021545,10.132974683955265,0.13187689491110982,-0.30833060031183146,-31.940079,35.48813,-49.917603,-0.013626099,-0.020706177,-0.006286621,wonhee
12,56,2017-03-03,06:15:22,29.523597,28.222167,30.054522,2,137.509893,06:15:21,46.473396,9.238349,87.02105,6.0,33.939775,-118.140054,24.04205,4,9.564117,0.49771118,-1.557724,9.979294246963834,0.2307092995434951,-0.6458619883090208,-31.77185,35.492325,-49.917603,-0.013381958,0.008865356,-0.0119018555,wonhee
12,57,2017-03-03,06:15:22,29.523597,28.222167,30.676186,2,137.509893,06:15:21,44.48807,9.332079,90.912895,6.0,33.939775,-118.140054,24.04205,4,10.511673,-0.16749573,-1.7276154,10.123119674165034,0.12313173721378884,-0.9381043921906813,-31.780243,35.13069,-49.824524,-0.010696411,0.005432129,0.0045928955,wonhee
12,58,2017-03-03,06:15:22,29.523597,28.222167,31.548012,2,137.509893,06:15:22,43.14092,11.955615,92.39652,6.0,33.939775,-118.140054,24.04205,4,10.748566,-0.44984436,-2.2779694,10.292087884281646,-0.0316613147024864,-1.3000772471198156,-31.452942,34.77707,-49.63913,-0.009963989,0.009338379,0.0050811768,wonhee
12,59,2017-03-03,06:15:22,29.523597,28.222167,31.809667,2,137.509893,06:15:22,45.037952,5.0038166,91.02644,8.0,33.939775,-118.140054,24.04205,4,10.68396,-0.19142151,-0.93559265,10.397954570602243,-0.07482152387193647,-1.2016094690763646,-31.621933,34.773636,-50.00763,-0.009719849,0.0051879883,-0.007003784,wonhee
12,60,2017-03-03,06:15:22,29.523597,28.222167,32.011500,2,137.509893,06:15:22,46.987545,4.919762,87.26878,6.0,33.939775,-118.140054,24.04205,4,9.32962,0.44506836,-0.8039856,10.109337349996823,0.06562995774529401,-1.094188910856948,-31.615448,35.04448,-49.824142,-0.0061798096,-0.0028686523,0.00630188,wonhee
12,61,2017-03-03,06:15:22,29.523597,28.222167,32.293823,2,137.509893,06:15:22,46.950478,5.3744183,87.50131,6.0,33.939775,-118.140054,24.04205,4,10.41835,0.45463562,-0.98106384,10.1928190369421,0.17072225385664497,-1.0636274702465238,-31.175995,35.959625,-50.83809,-0.0053253174,0.0017700195,0.007522583,wonhee
12,62,2017-03-03,06:15:22,29.523597,28.222167,32.438012,2,137.509893,06:15:22,47.14704,3.7636485,89.73366,6.0,33.939775,-118.140054,24.04205,4,10.29393,0.047851562,-0.6771698,10.220134791700515,0.1375279731946059,-0.9592235300039826,-30.217743,37.519073,-51.66855,-0.00630188,-0.001159668,0.00019836426,wonhee
12,63,2017-03-03,06:15:22,29.523597,28.222167,32.365763,2,137.509893,06:15:22,49.16744,1.2639158,87.24509,8.0,33.939775,-118.140054,24.04205,4,9.099899,0.43788147,-0.20100403,9.917496133811673,0.21867033611395265,-0.7543858221156958,-29.687119,38.70659,-52.31476,-0.0022735596,0.019119263,-0.0033416748,wonhee
15,64,2017-03-03,06:15:23,33.096143,29.983005,32.273934,1,165.761374,06:15:23,49.712395,0.9447138,86.992516,6.0,33.939977,-118.1399,24.168879,4,9.564117,0.5024872,-0.15792847,9.82202856566663,0.2953452249266968,-0.5932491633251291,-29.244995,39.71138,-52.869034,-0.0060577393,-0.020706177,-0.010681152,wonhee
15,65,2017-03-03,06:15:23,33.096143,29.983005,32.629124,1,165.761374,06:15:23,47.307785,6.676034,90.576416,6.0,33.939977,-118.1399,24.168879,4,9.750748,-0.098098755,-1.1413727,9.802771678066065,0.18905388972599785,-0.7413281416308996,-29.416275,39.525986,-52.317047,-0.0049591064,-0.019241333,-0.011291504,wonhee
15,66,2017-03-03,06:15:23,33.096143,29.983005,32.845100,1,165.761374,06:15:23,47.239265,4.1972613,90.915695,6.0,33.939977,-118.1399,24.168879,4,11.377869,-0.18185425,-0.83509827,10.228294003888907,0.08885075174526441,-0.7666607242978134,-30.360794,38.599396,-51.85623,-0.0026397705,0.024124146,0.0070343018,wonhee
15,67,2017-03-03,06:15:23,33.096143,29.983005,32.903361,1,165.761374,06:15:23,48.418194,2.902366,88.34794,6.0,33.939977,-118.1399,24.168879,4,9.623932,0.27757263,-0.48812866,10.065021854319125,0.13983513947186507,-0.6914135569223274,-30.53894,38.143158,-51.487732,-0.0021514893,0.007873535,0.008377075,wonhee
15,68,2017-03-03,06:15:23,33.096143,29.983005,33.169365,1,165.761374,06:15:23,46.82809,5.3098316,89.824715,6.0,33.939977,-118.1399,24.168879,4,10.169495,0.03111267,-0.9451599,10.093245923598584,0.11046308897401572,-0.7599647077444737,-30.800247,37.776947,-51.855087,-0.00044250488,-0.0026245117,-0.0043182373,wonhee
16,69,2017-03-03,06:15:24,33.806462,31.015990,33.538698,1,180.874219,06:15:24,49.743496,8.021921,80.380554,6.0,33.940089,-118.139823,24.295708,4,8.202591,1.3902283,-1.1724854,9.582473751482722,0.45619961046990876,-0.8714097352828942,-30.6324,37.781143,-51.94626,6.1035156e-05,-0.0028686523,-0.0037231445,wonhee
16,70,2017-03-03,06:15:24,33.806462,31.015990,33.867789,1,180.874219,06:15:24,47.140656,5.9615593,87.859856,6.0,33.940089,-118.139823,24.295708,4,10.372879,0.38763428,-1.0839539,9.796006639265613,0.4376762605244309,-0.92882986167829,-30.88646,37.686157,-52.406693,-0.0017700195,6.1035156e-05,-0.0017547607,wonhee
16,71,2017-03-03,06:15:24,33.806462,31.015990,34.536222,1,180.874219,06:15:24,45.587288,10.114588,89.26513,6.0,33.940089,-118.139823,24.295708,4,10.260422,0.13160706,-1.8305054,9.921471333856617,0.3549897647401685,-1.172423109448607,-30.891037,37.506104,-52.59018,-0.0074005127,0.004699707,-0.017028809,wonhee
16,72,2017-03-03,06:15:24,33.806462,31.015990,34.693465,1,180.874219,06:15:24,47.058907,4.68307,87.994896,6.0,33.940089,-118.139823,24.295708,4,8.611771,0.3014984,-0.70588684,9.567647652974888,0.34053874027412023,-1.0463854381936435,-30.895233,37.324905,-52.497864,-0.009353638,-0.0037231445,-0.0035858154,wonhee
16,73,2017-03-03,06:15:24,33.806462,31.015990,35.088897,1,180.874219,06:15:24,44.030174,6.5303707,94.03563,5.0,33.940089,-118.139823,24.295708,4,10.717453,-0.75613403,-1.2299042,9.878274709916951,0.044265778994083904,-1.095964171690623,-30.813217,37.237167,-52.497864,-0.010940552,0.0028686523,0.005935669,wonhee
17,74,2017-03-03,06:15:25,35.275091,32.166645,35.031872,1,196.643601,06:15:25,47.23344,1.4707258,90.04499,5.0,33.940201,-118.139736,24.348555,4,9.133408,-0.007171631,-0.23449707,9.677044341216494,0.030369643161593636,-0.8632334828458412,-30.55687,37.423325,-52.22206,-0.008377075,0.012512207,0.012527466,wonhee
17,75,2017-03-03,06:15:25,35.275091,32.166645,35.328330,1,196.643601,06:15:25,45.79754,5.372274,91.26116,6.0,33.940201,-118.139736,24.348555,4,10.760529,-0.2368927,-1.0121613,9.969754452254485,-0.04183293904288147,-0.9034672577705214,-30.55687,37.423325,-52.22206,-0.009719849,-0.009353638,0.0017852783,wonhee
17,76,2017-03-03,06:15:25,35.275091,32.166645,35.085314,1,196.643601,06:15:25,47.66563,-0.9393108,90.93944,6.0,33.940201,-118.139736,24.348555,4,10.652847,-0.17468262,0.17468262,10.154296147311161,-0.0777231055986129,-0.612198370962163,-30.385971,37.51831,-52.129745,-0.007522583,0.003967285,0.0012969971,wonhee
17,77,2017-03-03,06:15:25,35.275091,32.166645,34.634563,1,196.643601,06:15:25,50.622375,-4.0490966,85.13938,6.0,33.940201,-118.139736,24.348555,4,8.891724,0.75613403,0.6316986,9.813204438778932,0.14754857939684685,-0.2761518773284146,-30.637741,37.512207,-52.130127,-0.0104522705,0.015808105,-0.007003784,wonhee
17,78,2017-03-03,06:15:25,35.275091,32.166645,34.044590,1,196.643601,06:15:25,51.600723,-6.123631,84.18798,8.0,33.940201,-118.139736,24.348555,4,8.6979065,0.88534546,0.9379883,9.511899772530166,0.3468689897913092,0.05185563365979412,-30.723572,37.41913,-51.945877,-0.004714966,0.0053100586,-0.016906738,wonhee
18,79,2017-03-03,06:15:26,36.813056,33.421921,33.659098,1,213.100515,06:15:26,51.69978,-3.4664,80.34189,4.0,33.94032,-118.139648,24.364408,4,7.944168,1.351944,0.48812866,9.088367295632601,0.6183962471961415,0.16971750179764145,-30.563354,37.06169,-51.760483,-0.005432129,-0.003112793,-0.012390137,wonhee
18,80,2017-03-03,06:15:26,36.813056,33.421921,33.499832,1,213.100515,06:15:26,49.090088,0.061144,85.882744,8.0,33.94032,-118.139648,24.364408,4,8.941986,0.64367676,-0.009567261,9.048821479315635,0.6252259347694045,0.12128260943392466,-30.735779,36.875916,-51.576233,-0.0030059814,0.010574341,-0.011169434,wonhee
18,81,2017-03-03,06:15:26,36.813056,33.421921,33.903969,1,213.100515,06:15:26,47.02486,6.770412,87.57552,6.0,33.94032,-118.139648,24.364408,4,10.511673,0.44506836,-1.249054,9.444019904674395,0.5765552468297199,-0.24892233795977486,-30.652237,36.87706,-51.391983,-0.0042266846,0.0060577393,-0.0010223389,wonhee
18,82,2017-03-03,06:15:26,36.813056,33.421921,34.081874,1,213.100515,06:15:26,49.306316,4.656317,82.24825,6.0,33.94032,-118.139648,24.364408,4,9.140579,1.2442627,-0.7513428,9.362043459340656,0.7569405630166649,-0.3846543467513624,-30.56488,37.060547,-51.7601,-0.0050811768,-0.0014038086,-0.010559082,wonhee
18,83,2017-03-03,06:15:26,36.813056,33.421921,34.197786,1,213.100515,06:15:26,48.493465,3.418586,85.85459,6.0,33.94032,-118.139648,24.364408,4,10.267609,0.74417114,-0.6149597,9.606687615406681,0.7534908240666961,-0.4468727685587748,-30.807495,37.506485,-52.03743,-0.0010528564,0.015090942,-0.0067596436,wonhee
19,84,2017-03-03,06:15:27,36.476179,34.247054,34.472494,1,229.406831,06:15:27,49.913174,5.8360643,81.070465,6.0,33.940435,-118.139557,24.12396,4,9.320038,1.4644012,-0.9643097,9.529247441173949,0.9455476782090827,-0.586661569839423,-31.301117,37.94594,-52.131653,-0.0033721924,0.004211426,-0.018005371,wonhee
19,85,2017-03-03,06:15:27,36.476179,34.247054,34.428521,1,229.406831,06:15:27,51.729412,1.7511812,76.5315,6.0,33.940435,-118.139557,24.12396,4,8.372482,2.005188,-0.2632141,9.216740071562365,1.231816093490565,-0.49928022664813715,-31.299973,38.03749,-52.68402,-0.0023956299,-0.020217896,-0.03816223,wonhee
19,86,2017-03-03,06:15:27,36.476179,34.247054,34.667336,1,229.406831,06:15:27,49.055508,5.1144624,82.64804,6.0,33.940435,-118.139557,24.12396,4,9.810577,1.2658081,-0.88534546,9.377168806618569,1.2409992452030703,-0.6035781476258181,-31.478119,37.581635,-52.591705,0.0022583008,0.024856567,-0.022521973,wonhee
19,87,2017-03-03,06:15:27,36.476179,34.247054,34.204621,1,229.406831,06:15:27,51.317047,-4.589634,81.843834,6.0,33.940435,-118.139557,24.12396,4,8.114059,1.1629181,0.65802,9.035931846084573,1.219905138796409,-0.2627495711589459,-31.404114,37.132263,-52.59056,0.00030517578,0.0060424805,-0.0036010742,wonhee
19,88,2017-03-03,06:15:27,36.476179,34.247054,34.369473,1,229.406831,06:15:27,48.658817,4.4219623,82.081535,6.0,33.940435,-118.139557,24.12396,4,9.255432,1.2873383,-0.72262573,9.095231176171607,1.238122626181701,-0.3869879721615268,-30.826569,36.69548,-52.772522,0.0006713867,-0.01423645,-0.0060272217,wonhee
20,89,2017-03-03,06:15:28,36.265310,34.792301,34.385322,1,245.618880,06:15:28,48.26233,2.0396008,84.513405,6.0,33.940552,-118.13947,24.87965,4,11.035706,1.0600128,-0.39482117,9.619462503809379,1.190005150243336,-0.38910415921640984,-31.009293,35.966873,-51.942444,0.005554199,0.002380371,0.012161255,wonhee
20,90,2017-03-03,06:15:28,36.265310,34.792301,34.675254,1,245.618880,06:15:28,46.305714,5.5382934,87.36111,8.0,33.940552,-118.13947,24.87965,4,10.279572,0.4737854,-0.99780273,9.797795184720735,0.9965139356499424,-0.5535478592709874,-31.101227,35.60295,-51.665115,0.008117676,-0.0099487305,0.009475708,wonhee
20,91,2017-03-03,06:15:28,36.265310,34.792301,34.918417,1,245.618880,06:15:28,48.013573,4.945614,83.23675,8.0,33.940552,-118.13947,24.87965,4,10.269989,1.2179413,-0.8949127,9.9253612771258,1.0563339136074759,-0.645769691508504,-31.276703,35.235977,-51.112747,0.010925293,0.012039185,-0.018249512,wonhee
20,92,2017-03-03,06:15:28,36.265310,34.792301,34.684106,1,245.618880,06:15:28,51.922825,-0.91508335,73.90768,6.0,33.940552,-118.13947,24.87965,4,9.355942,2.6990967,0.15553284,9.771529122250806,1.5001364849829844,-0.4292928350330092,-31.628036,34.503555,-50.4673,0.0119018555,0.010803223,-0.013366699,wonhee
20,93,2017-03-03,06:15:28,36.265310,34.792301,34.707563,1,245.618880,06:15:28,49.675594,2.4974957,78.41369,6.0,33.940552,-118.13947,24.87965,4,9.243469,1.8951111,-0.41156006,9.628870399983052,1.6068413307614418,-0.4245022157041194,-31.808853,33.95691,-50.374603,0.008483887,-0.006668091,0.0022735596,wonhee
21,94,2017-03-03,06:15:29,36.318174,35.204526,34.481949,1,261.854561,06:15:29,48.169018,-0.9456971,85.582214,6.0,33.94067,-118.139384,24.515017,4,8.238495,0.63648987,0.13639832,9.253251848844112,1.344694855938016,-0.2729714517415196,-31.898117,33.682632,-49.822235,0.0099487305,-0.027297974,0.007156372,wonhee
21,95,2017-03-03,06:15:29,36.318174,35.204526,34.491272,1,261.854561,06:15:29,47.911854,2.3192217,84.078896,6.0,33.94067,-118.139384,24.515017,4,9.343979,0.9690857,-0.38046265,9.277762352314292,1.2432217092254967,-0.3020108666725744,-32.235718,33.58345,-49.637985,0.010803223,0.0018920898,0.028533936,wonhee
21,96,2017-03-03,06:15:29,36.318174,35.204526,34.589782,1,261.854561,06:15:29,49.75874,4.375161,77.30939,6.0,33.94067,-118.139384,24.515017,4,7.3531494,1.655838,-0.5766754,8.757816207797966,1.3546925632976645,-0.3762131965318042,-31.899643,33.591843,-49.729538,0.012145996,0.026931763,0.021209717,wonhee
21,97,2017-03-03,06:15:29,36.318174,35.204526,34.060719,1,261.854561,06:15:29,49.663578,-4.645977,86.53345,5.0,33.94067,-118.139384,24.515017,4,9.875183,0.59820557,0.8039856,9.059679787650436,1.150322902858199,-0.05737516040530066,-31.714249,34.31778,-49.45526,0.0079956055,-0.01008606,0.008148193,wonhee
21,98,2017-03-03,06:15:29,36.318174,35.204526,33.928648,1,261.854561,06:15:29,51.378883,0.46517155,76.74573,5.0,33.94067,-118.139384,24.515017,4,8.3198395,1.9597168,-0.06939697,8.859807338148768,1.3689856920220538,-0.060622926945246805,-31.793976,34.49669,-49.63951,0.010803223,-0.009597778,-0.010070801,wonhee
22,99,2017-03-03,06:15:30,36.318174,35.505385,33.939060,1,261.854561,06:15:30,45.29021,2.0537636,92.04222,5.0,33.94067,-118.139384,24.602213,24,10.669601,-0.38046265,-0.38285828,9.348734338103805,0.8963613550762501,-0.1476768092576402,-31.628036,34.410095,-49.547195,0.0138549805,0.021072388,0.02267456,wonhee
22,100,2017-03-03,06:15:30,36.318174,35.505385,34.455224,1,261.854561,06:15:30,45.856873,7.718568,88.173225,6.0,33.94067,-118.139384,24.602213,24,11.028519,0.3517456,-1.4955139,9.80253859912177,0.7492300257592361,-0.5118033719126913,-31.79741,34.314728,-48.99521,0.008117676,-0.0053100586,0.029266357,wonhee
22,101,2017-03-03,06:15:30,36.318174,35.505385,34.428654,1,261.854561,06:15:30,49.47848,2.0005755,80.924194,6.0,33.94067,-118.139384,24.602213,24,8.523239,1.3615112,-0.3014984,9.456927865574121,0.9146415883924419,-0.45498817736298647,-31.974792,33.950806,-49.4545,0.016311646,0.010803223,0.011184692,wonhee
22,102,2017-03-03,06:15:30,36.318174,35.505385,34.285708,1,261.854561,06:15:30,46.55271,0.28529316,89.17424,8.0,33.94067,-118.139384,24.602213,24,9.131012,0.13160706,-0.04547119,9.36887966994175,0.7030999464372417,-0.34435461935991474,-31.897354,33.68187,-49.454117,0.013000488,-0.008361816,0.016677856,wonhee
22,103,2017-03-03,06:15:30,36.318174,35.505385,34.321130,1,261.854561,06:15:30,47.50544,2.2357042,85.828186,4.0,33.94067,-118.139384,24.602213,24,11.186447,0.8159485,-0.43788147,9.859906774651941,0.7335866841829506,-0.36962147903712506,-31.555176,33.96187,-49.637985,0.0154418945,0.023391724,0.006668091,wonhee
24,104,2017-03-03,06:15:31,37.873456,36.305394,34.720918,1,295.266462,06:15:31,46.240433,7.344844,86.23338,5.0,33.940917,-118.139213,24.795097,4,9.595215,0.6316986,-1.2394867,9.78839864749839,0.7060609853252257,-0.6046209719713446,-31.794739,34.59015,-50.468063,0.01361084,-0.0259552,0.0038604736,wonhee
24,105,2017-03-03,06:15:31,37.873456,36.305394,34.720918,1,295.266462,06:15:31,45.473015,3.1305282,90.558235,6.0,33.940917,-118.139213,24.795097,4,10.8059845,-0.105285645,-0.59103394,10.063305786664401,0.48687065316174083,-0.6009503508833872,-31.459808,34.50699,-50.0988,0.013244629,0.035736084,0.032943726,wonhee
24,106,2017-03-03,06:15:31,37.873456,36.305394,38.053539,1,295.266462,06:15:31,45.10385,4.1721363,91.20366,6.0,33.940917,-118.139213,24.795097,4,10.363312,-0.21774292,-0.75613403,10.144354328797103,0.29651491940302255,-0.6428741857778358,-31.78978,34.76982,-50.099564,0.0037231445,-0.027297974,0.021209717,wonhee
24,107,2017-03-03,06:15:31,37.873456,36.305394,37.989987,1,295.266462,06:15:31,45.4592,1.2969633,92.397705,6.0,33.940917,-118.139213,24.795097,4,9.714859,-0.40678406,-0.22013855,10.028323497752712,0.10651433131430968,-0.5286695277929453,-32.3761,34.845352,-49.91684,0.0006713867,0.013504028,0.01876831,wonhee
24,108,2017-03-03,06:15:31,37.873456,36.305394,37.413067,1,295.266462,06:15:31,46.64743,-5.163742,94.50109,6.0,33.940917,-118.139213,24.795097,4,10.030716,-0.7896271,0.90927124,10.028969847096734,-0.1355838430707959,-0.1402008970702021,-32.7137,34.74617,-49.825287,-0.01008606,-0.009460449,0.028533936,wonhee
25,109,2017-03-03,06:15:32,39.392379,37.139362,37.570309,1,312.876436,06:15:32,45.71411,3.7486227,90.86531,8.0,33.941048,-118.139124,25.027618,4,10.772491,-0.16270447,-0.70588684,10.229836705211516,-0.14291064890557373,-0.29302446852115444,-33.119965,35.36911,-50.196075,-0.008010864,0.027297974,0.011795044,wonhee
25,110,2017-03-03,06:15:32,39.392379,37.139362,37.197864,1,312.876436,06:15:32,46.390842,-2.1447053,94.07128,5.0,33.941048,-118.139124,25.027618,4,12.236893,-0.87098694,0.45942688,10.772055430824707,-0.3396049816611992,-0.08974506258697038,-32.439804,35.746384,-50.104523,-0.009231567,0.02571106,-0.0040893555,wonhee
25,111,2017-03-03,06:15:32,39.392379,37.139362,37.115821,1,312.876436,06:15:32,45.988613,1.0738283,92.291794,8.0,33.941048,-118.139124,25.027618,4,9.566513,-0.38285828,-0.17945862,10.446370654462573,-0.35129012889136363,-0.11398173741120357,-32.021713,35.667038,-50.379944,-0.011062622,-0.01777649,0.0388031,wonhee
25,112,2017-03-03,06:15:32,39.392379,37.139362,37.057707,1,312.876436,06:15:32,45.71642,1.3942423,92.67504,5.0,33.941048,-118.139124,25.027618,4,9.525833,-0.44506836,-0.23210144,10.197681688847757,-0.37662490056369624,-0.14589250880999785,-31.440735,35.319138,-49.917603,-0.008865356,0.007873535,-0.01751709,wonhee
25,113,2017-03-03,06:15:32,39.392379,37.139362,37.594540,1,312.876436,06:15:32,45.24009,8.111949,89.404015,5.0,33.941048,-118.139124,25.027618,4,10.810776,0.112457275,-1.5409851,10.363312925468701,-0.24449631271946648,-0.5227854384560828,-31.36139,35.141754,-50.28534,-0.011917114,-0.009338379,-0.006286621,wonhee
26,114,2017-03-03,06:15:33,39.613168,37.807676,37.935595,1,330.585113,06:15:33,43.035583,6.0546455,94.51023,8.0,33.941178,-118.139032,24.9827,4,10.435104,-0.8231354,-1.1102753,10.382707730210273,-0.4008192565800401,-0.6814994739637832,-31.781769,35.1326,-50.745773,-0.012893677,-0.00079345703,0.01852417,wonhee
26,115,2017-03-03,06:15:33,39.613168,37.807676,37.506595,1,330.585113,06:15:33,47.79836,-3.3239858,90.42277,5.0,33.941178,-118.139032,24.9827,4,10.052246,-0.07417297,0.58384705,10.293431441008117,-0.3125737331756375,-0.3396582503447771,-32.0282,35.39772,-50.746918,-0.012893677,0.015701294,0.008010864,wonhee
26,116,2017-03-03,06:15:33,39.613168,37.807676,37.773688,1,330.585113,06:15:33,49.14015,5.670228,81.84145,5.0,33.941178,-118.139032,24.9827,4,9.446869,1.3543396,-0.94755554,10.064727338832553,0.13775325843342578,-0.5038854793250707,-32.013702,36.030197,-50.748444,-0.0103302,-0.002380371,-0.011413574,wonhee
26,117,2017-03-03,06:15:33,39.613168,37.807676,37.595931,1,330.585113,06:15:33,50.372375,-0.17707755,83.73647,8.0,33.941178,-118.139032,24.9827,4,10.00679,1.0983124,0.03111267,10.049075206847627,0.39725427739772823,-0.3593524059450703,-31.8367,36.393738,-50.196457,-0.011672974,0.016311646,-0.016174316,wonhee
26,118,2017-03-03,06:15:33,39.613168,37.807676,37.599815,1,330.585113,06:15:33,46.88092,2.1041622,90.92952,8.0,33.941178,-118.139032,24.9827,4,10.02832,-0.16270447,-0.36849976,10.04346805878906,0.24597794339636805,-0.3618236204651988,-31.588364,36.219025,-50.10376,-0.009109497,0.013381958,-0.005783081,wonhee
27,119,2017-03-03,06:15:34,39.555323,38.279814,37.634156,1,348.267929,06:15:34,45.249077,2.1777694,94.8422,8.0,33.941307,-118.138939,25.101603,4,11.411377,-0.9667053,-0.4355011,10.413017156531957,-0.08163596783981172,-0.3817280492365711,-31.167603,36.22818,-49.826813,-0.013259888,-0.012268066,-0.006515503,wonhee
27,120,2017-03-03,06:15:34,39.555323,38.279814,37.295432,1,348.267929,06:15:34,49.396263,-2.7231424,88.08692,8.0,33.941307,-118.138939,25.101603,4,8.094925,0.27038574,0.38523865,9.786770160753917,0.013464883246777859,-0.17452723113912172,-30.834198,36.146545,-50.102234,-0.008621216,0.023269653,-0.0028533936,wonhee
27,121,2017-03-03,06:15:34,39.555323,38.279814,36.888183,1,348.267929,06:15:34,50.02183,-3.1746297,85.8396,8.0,33.941307,-118.138939,25.101603,4,9.63829,0.7010956,0.5359955,9.746657322986547,0.1992325928514107,0.017424898354116897,-30.756378,35.878754,-50.28572,-0.0104522705,-0.016189575,0.007156372,wonhee
27,122,2017-03-03,06:15:34,39.555323,38.279814,37.791553,1,348.267929,06:15:34,45.655605,11.470288,89.08741,8.0,33.941307,-118.138939,25.101603,4,11.56691,0.18424988,-2.3473663,10.238409890857717,0.195184919903913,-0.6214381336606333,-30.582047,36.153793,-50.10147,-0.0077667236,0.008361816,0.012908936,wonhee
27,123,2017-03-03,06:15:34,39.555323,38.279814,38.838487,1,348.267929,06:15:34,44.393757,11.401082,91.66122,5.0,33.941307,-118.138939,25.101603,4,13.201202,-0.38285828,-2.663208,11.03882658362679,0.03902295871970929,-1.1730349462645464,-31.166458,36.32126,-50.470734,-0.009841919,-0.06175232,0.0499115,wonhee
28,124,2017-03-03,06:15:35,39.943711,38.729326,38.782550,1,366.124372,06:15:35,48.32274,1.4995762,87.43871,5.0,33.94144,-118.138849,25.061968,4,9.040085,0.40438843,-0.2368927,10.498854128883849,0.13772871038949003,-0.9201303032407063,-31.921005,36.393738,-50.656128,0.0004272461,-0.042816162,-0.050247192,wonhee
28,125,2017-03-03,06:15:35,39.943711,38.729326,39.162759,1,366.124372,06:15:35,47.649925,7.5970044,86.068985,5.0,33.94144,-118.138849,25.061968,4,8.949158,0.6149597,-1.1964111,10.08019409315244,0.26665562673042054,-0.9947692767060763,-32.17125,36.4769,-50.380707,-0.0056915283,0.015701294,0.009002686,wonhee
28,126,2017-03-03,06:15:35,39.943711,38.729326,38.920832,1,366.124372,06:15:35,48.186535,-1.0291567,89.64266,5.0,33.94144,-118.138849,25.061968,4,9.590439,0.059814453,0.17228699,9.947883712441532,0.21077619877632583,-0.6794817766517015,-32.681274,36.193466,-50.38109,-0.0030059814,0.006652832,0.008270264,wonhee
28,127,2017-03-03,06:15:35,39.943711,38.729326,38.406993,1,366.124372,06:15:35,51.914093,-5.0752473,83.316055,8.0,33.94144,-118.138849,25.061968,4,8.616562,1.0097656,0.77049255,9.58821888182586,0.42662814873650545,-0.2877622052523423,-32.42874,36.19919,-50.196457,-0.0031280518,-0.007507324,-0.02142334,wonhee
28,128,2017-03-03,06:15:35,39.943711,38.729326,37.485286,1,366.124372,06:15:35,52.567425,-8.57655,85.61937,5.0,33.94144,-118.138849,25.061968,4,11.026123,0.8446655,1.6678009,9.97667761142642,0.5395635359747063,0.24054531533857648,-31.928253,36.029816,-49.73526,-0.002380371,-0.024734497,0.0030059814,wonhee
29,129,2017-03-03,06:15:36,38.404608,38.641601,37.286868,1,383.292773,06:15:36,46.96228,-0.47460142,91.83946,6.0,33.941564,-118.138757,25.254854,4,9.238693,-0.29670715,0.0765686,9.777306484383892,0.31363981535247976,0.196245987087552,-31.764221,35.85396,-50.102615,-0.0037384033,-0.008255005,0.014007568,wonhee
29,130,2017-03-03,06:15:36,38.404608,38.641601,37.235280,1,383.292773,06:15:36,50.215183,1.6138654,81.98074,6.0,33.941564,-118.138757,25.254854,4,8.662018,1.2203369,-0.24645996,9.476004372298675,0.5585896650559158,0.07664622544933117,-31.596375,35.857773,-50.01068,-0.0042266846,0.012771606,0.012420654,wonhee
29,131,2017-03-03,06:15:36,38.404608,38.641601,37.380558,1,383.292773,06:15:36,43.091316,3.5730302,97.034424,6.0,33.941564,-118.138757,25.254854,4,10.8012085,-1.3328094,-0.6795654,9.83401649939513,0.04761645850284335,-0.12764904265535748,-31.770325,35.58235,-50.01068,-0.013137817,0.002380371,-0.009933472,wonhee
29,132,2017-03-03,06:15:36,38.404608,38.641601,37.218032,1,383.292773,06:15:36,46.541992,0.013727102,91.68666,6.0,33.941564,-118.138757,25.254854,4,9.994827,-0.29431152,-0.0023956299,9.877460455067725,-0.0447575089024132,-0.09381105514137483,-31.94046,35.487747,-50.19493,-0.008987427,0.0021362305,-0.0043182373,wonhee
29,133,2017-03-03,06:15:36,38.404608,38.641601,37.089221,1,383.292773,06:15:36,48.489754,0.46904638,87.49258,6.0,33.941564,-118.138757,25.254854,4,9.343979,0.4091797,-0.0765686,9.733337126062857,0.07787644788224916,-0.08915289877701428,-32.352448,35.8387,-50.104523,-0.01020813,0.0014038086,0.008377075,wonhee
30,134,2017-03-03,06:15:37,37.820267,38.419713,36.999563,1,400.199951,06:15:37,48.20735,1.065474,88.05641,8.0,33.941688,-118.138669,25.381683,4,8.743378,0.29670715,-0.16270447,9.465893518657953,0.13699492140759253,-0.1090233126358234,-32.60231,35.923004,-50.01335,-0.012527466,-0.025222778,-0.0076141357,wonhee
30,135,2017-03-03,06:15:37,37.820267,38.419713,37.056743,1,400.199951,06:15:37,47.588615,2.8085625,90.096954,5.0,33.941688,-118.138669,25.381683,4,9.9015045,-0.01675415,-0.4857483,9.58357653122701,0.09545865469733468,-0.2107979081395217,-32.751846,36.73172,-49.739456,-0.0077667236,0.00091552734,0.02658081,wonhee
30,136,2017-03-03,06:15:37,37.820267,38.419713,36.870288,1,400.199951,06:15:37,48.450905,-0.3101224,92.46707,7.0,33.941688,-118.138669,25.381683,4,9.274582,-0.39959717,0.050247192,9.500099739181668,-0.03828375156788914,-0.14027495275817498,-33.400726,37.708282,-49.282837,-0.012527466,-0.010314941,0.025238037,wonhee
30,137,2017-03-03,06:15:37,37.820267,38.419713,37.057986,1,400.199951,06:15:37,44.351177,3.7459161,99.34398,7.0,33.941688,-118.138669,25.381683,4,11.648254,-1.9166565,-0.7728882,10.080436956800277,-0.5457378177672338,-0.31117935121284523,-33.30307,38.250732,-48.63968,-0.008621216,0.04637146,0.036117554,wonhee
30,138,2017-03-03,06:15:37,37.820267,38.419713,37.130390,1,400.199951,06:15:37,49.12385,2.1399589,92.87223,7.0,33.941688,-118.138669,25.381683,4,13.878372,-0.6963043,-0.51924133,11.106472701005677,-0.5864142882420769,-0.367388587236501,-33.610153,39.50653,-48.643494,-0.01008606,0.023880005,0.044555664,wonhee
31,139,2017-03-03,06:15:38,38.311895,38.390585,37.844509,1,417.326906,06:15:38,57.215565,23.25213,65.05875,7.0,33.941813,-118.138579,25.453024,4,4.0749817,1.8951111,-1.931015,9.20687172836444,0.08398521030870953,-0.789811975691133,-32.513428,39.712524,-48.27423,-0.025222778,0.04574585,0.0069122314,wonhee
31,140,2017-03-03,06:15:38,38.311895,38.390585,37.160999,1,417.326906,06:15:38,50.017033,-6.1149893,96.61527,7.0,33.941813,-118.138579,25.453024,4,10.604996,-1.2299042,1.1437683,9.584583685315302,-0.27097017559855757,-0.2674432530606904,-31.60286,39.195633,-49.28398,-0.02658081,0.07470703,-0.06491089,wonhee
31,141,2017-03-03,06:15:38,38.311895,38.390585,36.814660,1,417.326906,06:15:38,53.88842,-2.8824162,81.503235,8.0,33.941813,-118.138579,25.453024,4,7.8963165,1.179657,0.4019928,9.12848781790332,0.12092576699920865,-0.08659094487551042,-31.267548,39.20479,-49.743652,-0.036468506,0.040618896,-0.12928772,wonhee
31,142,2017-03-03,06:15:38,38.311895,38.390585,36.717394,1,417.326906,06:15:38,48.268303,0.8428408,92.00395,9.0,33.941813,-118.138579,25.453024,4,9.915863,-0.34695435,-0.14596558,9.341202114420303,-0.005474953019358436,-0.1026313713820035,-30.45082,38.232803,-50.19951,-0.035614014,-0.011413574,-0.05441284,wonhee
31,143,2017-03-03,06:15:38,38.311895,38.390585,36.179626,1,417.326906,06:15:38,50.401302,-5.0753837,89.33429,7.0,33.941813,-118.138579,25.453024,4,9.267395,0.107681274,0.8231354,9.321262663979338,0.025094904621879032,0.14747027265119939,-31.136322,37.67624,-50.935745,-0.03878784,0.019973755,-0.0051879883,wonhee
32,144,2017-03-03,06:15:39,38.186423,38.335430,36.349922,1,434.397769,06:15:39,48.226788,4.761409,87.77647,8.0,33.941932,-118.138482,25.550789,4,8.812759,0.34217834,-0.7346039,9.18388724039583,0.11075696437087894,-0.09082754442206176,-31.222534,37.58278,-50.65918,-0.035003662,-0.011306763,0.0021514893,wonhee
32,145,2017-03-03,06:15:39,38.186423,38.335430,36.620281,1,434.397769,06:15:39,47.90941,4.871559,86.98784,7.0,33.941932,-118.138482,25.550789,4,11.186447,0.5886383,-0.95474243,9.72489119909708,0.23985957572860322,-0.32421951728932097,-31.155396,36.862946,-50.841522,-0.03012085,0.00079345703,0.009597778,wonhee
32,146,2017-03-03,06:15:39,38.186423,38.335430,36.536067,1,434.397769,06:15:39,48.772633,1.1336488,87.28106,7.0,33.941932,-118.138482,25.550789,4,8.817551,0.41874695,-0.17468262,9.479767608030151,0.2881871111134285,-0.28382119558259916,-31.494904,36.673355,-50.473404,-0.02633667,-0.068237305,-0.0034637451,wonhee
32,147,2017-03-03,06:15:39,38.186423,38.335430,36.043986,1,434.397769,06:15:39,47.5245,-3.9226823,93.48872,8.0,33.941932,-118.138482,25.550789,4,10.518845,-0.6412811,0.72262573,9.760480820086192,0.0370855001439126,-0.011923306717343318,-31.422806,36.133194,-50.28763,-0.013504028,0.024124146,0.0060577393,wonhee
32,148,2017-03-03,06:15:39,38.186423,38.335430,35.841218,1,434.397769,06:15:39,49.0719,-0.59690326,86.84777,7.0,33.941932,-118.138482,25.550789,4,8.255234,0.45463562,0.086135864,9.353829041239871,0.14988925879078346,0.014567987382928842,-31.682205,35.764694,-49.91913,-0.016067505,-0.0099487305,0.033309937,wonhee
33,149,2017-03-03,06:15:40,39.146372,38.554511,35.727638,1,451.897769,06:15:40,47.686954,0.72063446,89.169716,7.0,33.942051,-118.138379,25.233715,4,8.750549,0.1268158,-0.110076904,9.190849190600739,0.14365582056908896,-0.019105604302235544,-31.685638,35.583878,-49.82643,-0.014480591,-0.023269653,0.029388428,wonhee
33,150,2017-03-03,06:15:40,39.146372,38.554511,35.311692,1,451.897769,06:15:40,46.943825,-3.3327427,93.84278,7.0,33.942051,-118.138379,25.233715,4,9.511475,-0.6388855,0.55513,9.277468244696323,-0.06775257822888872,0.13602771127787985,-31.515884,35.678864,-50.0103,-0.011428833,-0.00018310547,0.047836304,wonhee
33,151,2017-03-03,06:15:40,39.146372,38.554511,34.424789,1,451.897769,06:15:40,49.8603,-8.118313,92.61876,7.0,33.942051,-118.138379,25.233715,4,11.143372,-0.5096741,1.5912323,9.781553734946236,-0.18714042249512375,0.5291602704652792,-31.83937,36.21216,-49.920273,-0.011062622,-0.001159668,0.0019073486,wonhee
33,152,2017-03-03,06:15:40,39.146372,38.554511,33.535716,1,451.897769,06:15:40,52.95314,-9.561046,87.14841,7.0,33.942051,-118.138379,25.233715,4,9.463608,0.47138977,1.5960083,9.695658719612416,-0.009234400287537609,0.8173758927671055,-31.998825,36.568832,-49.645615,-0.009841919,-0.00091552734,-0.023864746,wonhee
33,153,2017-03-03,06:15:40,39.146372,38.554511,33.088225,1,451.897769,06:15:40,52.681793,-4.0785646,81.0729,5.0,33.942051,-118.138379,25.233715,4,8.652451,1.3591309,0.624527,9.41382967388667,0.36043798569474605,0.7652765664335037,-31.995773,36.750412,-50.014496,-0.0053253174,0.0071411133,-0.01739502,wonhee
34,154,2017-03-03,06:15:41,37.367509,38.233835,32.501519,1,468.602545,06:15:41,50.845543,-5.177092,89.239265,5.0,33.942164,-118.13828,24.71583,4,10.272385,0.13639832,0.9308014,9.64577372847167,0.2999122783016643,0.8099941284405124,-32.07512,36.928177,-49.463654,0.0004272461,0.0044555664,0.0008087158,wonhee
34,155,2017-03-03,06:15:41,37.367509,38.233835,32.479297,1,468.602545,06:15:41,47.409504,1.5479901,92.7405,7.0,33.942164,-118.13828,24.71583,4,11.497513,-0.550354,-0.31106567,10.146032595441719,0.07020756147348695,0.5071328600122366,-31.738281,36.935425,-48.910904,0.017654419,0.035476685,-0.016296387,wonhee
34,156,2017-03-03,06:15:41,37.367509,38.233835,32.479297,1,468.602545,06:15:41,52.722656,-6.194039,84.86074,7.0,33.942164,-118.13828,24.71583,4,9.178864,0.825531,1.0001984,9.884745991455967,0.2742628803636731,0.6403375784997766,-31.572723,36.850357,-49.277878,0.012390137,-0.016677856,-0.020080566,wonhee
34,157,2017-03-03,06:15:41,37.367509,38.233835,36.482785,1,468.602545,06:15:41,53.71329,-8.591447,86.47256,5.0,33.942164,-118.13828,24.71583,4,10.48056,0.6460571,1.586441,10.045708846984281,0.3747053983363966,0.8959332948910768,-31.731796,37.20627,-48.81859,0.009216309,-0.00091552734,0.008621216,wonhee
34,158,2017-03-03,06:15:41,37.367509,38.233835,35.772087,1,468.602545,06:15:41,53.670723,-7.5133414,84.311874,5.0,33.942164,-118.13828,24.71583,4,9.080765,0.90448,1.2035828,9.785023272614158,0.517827297867644,0.979046719775489,-31.566238,37.119675,-49.093628,0.004333496,-0.0005493164,-0.004562378,wonhee
35,159,2017-03-03,06:15:42,33.989764,37.087273,34.952622,1,483.797334,06:15:42,54.2907,-8.792898,82.171326,8.0,33.942271,-118.138195,24.68148,4,9.241089,1.2705841,1.4428711,9.63807605001756,0.7211892239923328,1.1043517573106552,-31.397247,37.215424,-49.829483,0.0067749023,-0.0048217773,-0.015563965,wonhee
35,160,2017-03-03,06:15:42,33.989764,37.087273,34.384399,1,483.797334,06:15:42,49.327164,-5.1628447,92.58932,8.0,33.942271,-118.138195,24.68148,4,9.841675,-0.44506836,0.8901367,9.69307957108586,0.40611749303439026,1.0464802289017419,-31.313705,37.218094,-50.105667,0.00579834,0.0072631836,0.033050537,wonhee
35,161,2017-03-03,06:15:42,33.989764,37.087273,33.074405,1,483.797334,06:15:42,53.21704,-11.968739,90.14983,8.0,33.942271,-118.138195,24.68148,4,11.89711,-0.03111267,2.5220337,10.288512082611135,0.2879970484729988,1.4451101650677005,-30.810928,37.13951,-49.82872,0.0064086914,0.032684326,0.010940552,wonhee
35,162,2017-03-03,06:15:42,33.989764,37.087273,32.594288,1,483.797334,06:15:42,51.45439,-3.803229,85.03312,8.0,33.942271,-118.138195,24.68148,4,10.435104,0.9068756,0.6963043,10.328114799703911,0.4551909335621425,1.2428156091337423,-30.732727,36.871338,-49.82834,0.01361084,0.012649536,-0.010437012,wonhee
35,163,2017-03-03,06:15:42,33.989764,37.087273,32.293629,1,483.797334,06:15:42,48.22289,-1.6327356,90.7907,8.0,33.942271,-118.138195,24.68148,4,10.576279,-0.14596558,0.3014984,10.395157899978058,0.29278476711623047,0.9885129177445839,-31.083298,36.23123,-49.827194,-0.0006866455,-0.036590576,0.020233154,wonhee
36,164,2017-03-03,06:15:43,29.910838,35.148514,31.395851,1,497.168680,06:15:43,51.40658,-8.984227,89.22164,7.0,33.942365,-118.13812,24.139814,4,10.214966,0.13877869,1.6151581,10.346477938870033,0.2511790687172976,1.157805006370322,-31.085968,36.140823,-49.91913,0.0056762695,0.056503296,0.02645874,wonhee
36,165,2017-03-03,06:15:43,29.910838,35.148514,30.494813,1,497.168680,06:15:43,52.886425,-10.10462,85.17509,7.0,33.942365,-118.13812,24.139814,4,9.0711975,0.7657013,1.6223297,10.001953006430899,0.3901804456443776,1.283299237922151,-31.341171,36.045074,-50.286865,0.00579834,-0.003967285,-0.014831543,wonhee
36,166,2017-03-03,06:15:43,29.910838,35.148514,29.020586,1,497.168680,06:15:43,52.97791,-15.772383,92.83489,5.0,33.942365,-118.13812,24.139814,4,10.195816,-0.5048828,2.8833466,10.054326298395624,0.14837354981555517,1.7155619720763169,-31.505966,36.22284,-50.839233,0.003967285,-0.0020141602,-0.0012664795,wonhee
36,167,2017-03-03,06:15:43,29.910838,35.148514,27.828057,1,497.168680,06:15:43,52.604935,-12.598852,89.06594,5.0,33.942365,-118.13812,24.139814,4,10.126419,0.1651001,2.2636108,10.073802589564655,0.15289233125106572,1.8636207673488727,-31.333923,36.408234,-51.023865,0.0038452148,-0.008972168,-0.0071411133,wonhee
36,168,2017-03-03,06:15:43,29.910838,35.148514,26.650753,1,497.168680,06:15:43,53.891273,-12.902198,86.73115,7.0,33.942365,-118.13812,24.139814,4,9.71965,0.55513,2.2301178,9.978126067543336,0.2615593361123584,1.962632217352099,-31.076431,36.593628,-50.471497,0.0015106201,-0.013015747,0.0011749268,wonhee
37,169,2017-03-03,06:15:44,25.523715,32.548315,25.605055,1,508.578805,06:15:44,51.913162,-11.198923,91.902626,7.0,33.942446,-118.138057,23.883514,4,9.796219,-0.3254242,1.9405823,9.92898274326315,0.1029820875652222,1.9566752952081732,-31.40564,36.855698,-50.105286,-0.0074005127,0.013366699,0.011062622,wonhee
37,170,2017-03-03,06:15:44,25.523715,32.548315,24.512589,1,508.578805,06:15:44,51.65992,-11.602493,93.65279,8.0,33.942446,-118.138057,23.883514,4,9.932602,-0.63409424,2.0434723,9.929960507952968,-0.0961436609500601,1.9801240452245379,-31.238937,36.76834,-49.64485,-0.019607544,0.028289795,-0.0053100586,wonhee
37,171,2017-03-03,06:15:44,25.523715,32.548315,23.663757,1,508.578805,06:15:44,51.36761,-8.848297,91.26017,8.0,33.942446,-118.138057,23.883514,4,9.681366,-0.21296692,1.5074768,9.8628011573923,-0.12770419007349143,1.8524354559031095,-31.235123,36.948776,-49.737167,-0.0496521,0.024856567,-0.002243042,wonhee
37,172,2017-03-03,06:15:44,25.523715,32.548315,22.310255,1,508.578805,06:15:44,53.528526,-16.05187,95.61467,8.0,33.942446,-118.138057,23.883514,4,9.054443,-0.8901367,2.617752,9.644418179755654,-0.3336800687630254,2.0591904743390224,-31.563568,37.30278,-50.10681,-0.0894928,0.020706177,0.0005645752,wonhee
37,173,2017-03-03,06:15:44,25.523715,32.548315,21.225404,1,508.578805,06:15:44,50.28315,-12.552974,97.30998,7.0,33.942446,-118.138057,23.883514,4,9.028122,-1.1581268,2.0267181,9.477921938441902,-0.5564094745639646,2.050417860697114,-31.398773,37.217712,-50.74997,-0.13090515,-0.031341553,-0.013839722,wonhee
38,174,2017-03-03,06:15:46,24.126802,30.273191,20.700690,2,519.364454,06:15:45,44.827995,-4.1285925,107.31612,7.0,33.942518,-118.137992,23.619286,4,10.506882,-3.275772,0.79441833,9.755901890839649,-1.2910621531414668,1.711101785371421,-30.813217,40.65895,-49.10164,-0.36045837,-0.011917114,0.0011749268,wonhee
38,175,2017-03-03,06:15:46,24.126802,30.273191,20.228182,2,519.364454,06:15:46,44.07905,-4.1679664,108.53723,7.0,33.942518,-118.137992,23.619286,4,8.841476,-2.9647064,0.6795654,9.508864056133058,-1.743207542893536,1.432425823091711,-30.813217,40.65895,-49.10164,-0.3912506,-0.0496521,0.012786865,wonhee
38,176,2017-03-03,06:15:46,24.126802,30.273191,20.162452,2,519.364454,06:15:46,45.264442,1.1501132,109.10184,8.0,33.942518,-118.137992,23.619286,4,10.136002,-3.5102692,-0.21534729,9.678289267369122,-2.2205902263210455,0.9872696808349108,-30.146408,44.01207,-47.54448,-0.4304657,-0.024612427,0.0011749268,wonhee
38,177,2017-03-03,06:15:46,24.126802,30.273191,19.549639,2,519.364454,06:15:46,50.71051,-5.2892814,108.154686,8.0,33.942518,-118.137992,23.619286,4,10.143173,-3.3260193,0.9882355,9.80388049553743,-2.5192287573589307,0.9875306028819044,-30.617142,45.35103,-46.076202,-0.46540833,0.050750732,0.016815186,wonhee
38,178,2017-03-03,06:15:46,24.126802,30.273191,19.512194,2,519.364454,06:15:46,48.770145,1.558209,108.7111,8.0,33.942518,-118.137992,23.619286,4,9.664612,-3.2733765,-0.27757263,9.766256246349975,-2.722966454702392,0.6457551058599609,-30.755997,46.51718,-44.60678,-0.4484253,0.035491943,0.025970459,wonhee
38,179,2017-03-03,06:15:46,24.126802,30.273191,19.545445,2,519.364454,06:15:46,48.844547,2.5205617,111.41069,8.0,33.942518,-118.137992,23.619286,4,9.159729,-3.591629,-0.43310547,9.602399143079127,-2.957641037334773,0.35429421954797513,-31.221771,48.03543,-42.494965,-0.46014404,-0.09828186,0.012771606,wonhee
41,180,2017-03-03,06:15:47,22.397468,26.049127,19.665706,1,538.151808,06:15:47,52.79265,3.4893074,107.77888,7.0,33.942527,-118.137824,24.060547,4,9.753143,-3.1274261,-0.624527,9.643123532427792,-3.0035095266968,0.08985958677531286,-31.533813,48.92578,-40.197754,-0.46003723,0.00982666,0.04197693,wonhee
41,181,2017-03-03,06:15:47,22.397468,26.049127,20.498372,1,538.151808,06:15:47,48.104427,12.521291,112.118675,7.0,33.942527,-118.137824,24.060547,4,9.142975,-3.7160492,-2.1918182,9.508005299533938,-3.1960065456446505,-0.526549840811579,-31.173706,49.83177,-37.807465,-0.4393921,-0.024002075,-0.016052246,wonhee
41,182,2017-03-03,06:15:47,22.397468,26.049127,21.091759,1,538.151808,06:15:47,50.60774,9.311504,113.15251,7.0,33.942527,-118.137824,24.060547,4,9.339188,-3.9936218,-1.6654053,9.462398257393449,-3.4114872612923284,-0.8342187175352627,-30.991745,50.281906,-35.324097,-0.44488525,-0.037200928,0.043807983,wonhee
41,183,2017-03-03,06:15:47,22.397468,26.049127,21.331663,1,538.151808,06:15:47,57.197033,4.627152,109.31246,7.0,33.942527,-118.137824,24.060547,4,10.351349,-3.6275177,-0.8877411,9.702553822556519,-3.469849226262562,-0.8486781216322813,-30.317307,50.294113,-33.66623,-0.44659424,0.06700134,0.035751343,wonhee
41,184,2017-03-03,06:15:47,22.397468,26.049127,22.026203,1,538.151808,06:15:47,55.483753,11.464031,108.569984,8.0,33.942527,-118.137824,24.060547,4,8.824738,-2.9647064,-1.8879395,9.46540642521366,-3.333381753865333,-1.1294410387566058,-29.901123,50.02823,-31.824493,-0.4386444,0.01020813,0.020599365,wonhee
42,185,2017-03-03,06:15:48,24.618641,25.662672,22.705511,1,549.157329,06:15:48,54.126316,12.431844,112.3704,8.0,33.942496,-118.13773,24.253431,4,7.779068,-3.2015991,-1.8544312,9.009831624324347,-3.2977798513066827,-1.3253016343623325,-29.309845,50.037003,-29.61464,-0.40309143,-0.06956482,0.00642395,wonhee
42,186,2017-03-03,06:15:48,24.618641,25.662672,23.083541,1,549.157329,06:15:48,65.9213,6.3823915,100.325554,7.0,33.942496,-118.13773,24.253431,4,10.48056,-1.9094696,-1.1916199,9.407158030989015,-2.9227192129111015,-1.2891866834105736,-28.88794,50.043106,-28.141403,-0.3774414,0.05870056,0.009353638,wonhee
42,187,2017-03-03,06:15:48,24.618641,25.662672,23.885759,1,549.157329,06:15:48,60.60721,12.260611,106.199615,7.0,33.942496,-118.13773,24.253431,4,9.389435,-2.7278137,-2.1248322,9.40237004407414,-2.8700642778701386,-1.514941510639895,-28.89595,49.588013,-26.667786,-0.30854797,0.050628662,-0.02960205,wonhee
42,188,2017-03-03,06:15:48,24.618641,25.662672,24.335575,1,549.157329,06:15:48,65.64827,6.8946924,105.71088,10.0,33.942496,-118.13773,24.253431,4,10.743774,-3.0221405,-1.3495483,9.764758655396706,-2.9111486139564926,-1.4702595073841322,-28.63655,49.770355,-24.827576,-0.26968384,-0.09706116,0.016204834,wonhee
42,189,2017-03-03,06:15:48,24.618641,25.662672,24.995311,1,549.157329,06:15:48,70.53341,9.168463,94.46336,8.0,33.942496,-118.13773,24.253431,4,11.188843,-0.87338257,-1.8113708,10.149483887320443,-2.3606334588405438,-1.5624128420238743,-29.061508,49.486923,-23.90747,-0.25416565,0.040985107,0.02243042,wonhee
43,190,2017-03-03,06:15:49,29.476828,26.693090,26.159710,1,562.334654,06:15:49,70.301056,15.408691,91.79796,8.0,33.942443,-118.137624,24.264002,4,10.595413,-0.33259583,-2.9216309,10.269954407165235,-1.8127464954998342,-1.9296140436742348,-29.151535,49.12033,-22.434235,-0.13957214,-0.009094238,-0.06137085,wonhee
43,191,2017-03-03,06:15:49,29.476828,26.693090,26.601917,1,562.334654,06:15:49,73.04956,7.1650033,94.69919,8.0,33.942443,-118.137624,24.264002,4,10.566711,-0.8685913,-1.3328094,10.35012504413341,-1.557677104464669,-1.7683835619117982,-29.496765,48.65799,-21.51413,-0.07373047,-0.030715942,-0.020446777,wonhee
43,192,2017-03-03,06:15:49,29.476828,26.693090,27.382378,1,562.334654,06:15:49,74.04422,13.120645,84.86962,8.0,33.942443,-118.137624,24.264002,4,8.874985,0.79681396,-2.0769653,9.951606797830161,-0.9215967176032628,-1.8517488353264742,-29.6772,48.11287,-21.69609,-0.03817749,0.0036010742,-0.016174316,wonhee
43,193,2017-03-03,06:15:49,29.476828,26.693090,28.206346,1,562.334654,06:15:49,73.04104,11.705106,88.025536,8.0,33.942443,-118.137624,24.264002,4,10.48056,0.36131287,-2.1726837,10.09450679118574,-0.5750107232425543,-1.938451382624212,-29.771805,47.659683,-21.695328,0.005065918,0.005554199,-0.011169434,wonhee
43,194,2017-03-03,06:15:49,29.476828,26.693090,28.590903,1,562.334654,06:15:49,74.41507,7.103703,87.71849,8.0,33.942443,-118.137624,24.264002,4,9.669403,0.38523865,-1.2059784,9.979662361306726,-0.3155933901152269,-1.7405692563401316,-30.114365,47.38121,-22.063828,0.015686035,0.018630981,-0.012390137,wonhee
44,195,2017-03-03,06:15:50,34.482328,28.797401,28.821014,1,577.749639,06:15:50,75.43933,5.1323824,87.04173,8.0,33.942381,-118.1375,24.213799,4,9.631119,0.49771118,-0.8661957,9.885501207143092,-0.0958741083550026,-1.5043518085985454,-30.202866,47.198486,-21.97113,0.028884888,0.015945435,-0.002609253,wonhee
44,196,2017-03-03,06:15:50,34.482328,28.797401,28.809668,1,577.749639,06:15:50,77.651505,1.7805803,84.67426,8.0,33.942381,-118.1375,24.213799,4,10.729416,1.0001984,-0.33499146,10.113490030723757,0.20023668843883408,-1.1884418465082591,-30.799103,46.821594,-21.603775,0.034500122,0.04647827,0.0038604736,wonhee
44,197,2017-03-03,06:15:50,34.482328,28.797401,28.885338,1,577.749639,06:15:50,77.29258,3.062616,84.081436,8.0,33.942381,-118.1375,24.213799,4,9.786652,1.0145569,-0.5264282,10.02519270644784,0.42023035204471315,-1.0095947475602554,-30.797195,46.91162,-21.603775,0.04623413,-0.005065918,-0.005783081,wonhee
44,198,2017-03-03,06:15:50,34.482328,28.797401,28.939251,1,577.749639,06:15:50,77.50317,3.090723,82.00774,6.0,33.942381,-118.1375,24.213799,4,8.776871,1.2322998,-0.4785614,9.687950843036747,0.6396159578810093,-0.8661327900058595,-30.881882,46.910095,-21.879578,0.05307007,-0.031219482,-0.00077819824,wonhee
44,199,2017-03-03,06:15:50,34.482328,28.797401,28.586386,1,577.749639,06:15:50,79.67756,-2.3277488,82.50976,6.0,33.942381,-118.1375,24.213799,4,10.155136,1.3351898,0.41635132,9.814163815284598,0.8275295521448798,-0.5196617410611017,-30.780792,47.634888,-22.064972,0.055145264,0.0036010742,0.008636475,wonhee
